Movie Name,Genre,Ratings,Voting Counts,Duration
The Odyssey,Action,8.5,453000.0,172.0
Spider-Man: Brand New Day,Action,8.0,268000.0,145.0
The End of Oak Street,Action,6.6,31000.0,99.0
Mutiny,Action,5.7,11000.0,95.0
The Last House,Action,5.5,50000.0,112.0
Facing El Chapo,Action,6.7,3600.0,91.0
Masters of the Universe,Action,6.4,114000.0,140.0
The Dog Stars,Action,6.5,2000.0,118.0
Disclosure Day,Action,6.4,146000.0,145.0
Toxic,Action,3.7,10000.0,192.0
In the Grey,Action,6.3,38000.0,98.0
Avatar Aang: The Last Airbender,Action,7.8,24000.0,99.0
Awarapan 2,Action,6.6,12000.0,140.0
The Death of Robin Hood,Action,6.0,16000.0,122.0
Supergirl,Action,5.8,86000.0,108.0
Shelter,Action,6.1,46000.0,107.0
Colony,Action,6.5,12000.0,122.0
Mortal Kombat II,Action,6.3,86000.0,116.0
PAW Patrol: The Dino Movie,Action,6.2,1700.0,88.0
Young Washington,Action,6.9,12000.0,121.0
Star Wars: The Mandalorian and Grogu,Action,6.8,93000.0,132.0
Khalifa,Action,6.8,7800.0,159.0
Apex,Action,6.1,107000.0,95.0
The Rip,Action,6.8,144000.0,113.0
War Machine,Action,6.3,116000.0,106.0
Over Your Dead Body,Action,6.3,32000.0,105.0
Irumudi,Action,7.5,1400.0,160.0
Hope,Action,6.9,1200.0,160.0
Atlas King,Action,3.8,183.0,90.0
Moana,Action,5.8,14000.0,115.0
Lucky Strike,Action,5.3,2100.0,103.0
Deep Water,Action,5.4,11000.0,106.0
Citizen Vigilante,Action,5.8,37000.0,89.0
They Will Kill You,Action,6.3,50000.0,94.0
Enola Holmes 3,Action,5.7,30000.0,105.0
Welcome to the Jungle,Action,4.1,22000.0,165.0
Mercy,Action,6.2,80000.0,99.0
DC,Action,8.3,5000.0,141.0
GOAT,Action,6.6,30000.0,100.0
Tom Clancy's Jack Ryan: Ghost War,Action,5.7,32000.0,105.0
Dhamaal 4,Action,8.1,36000.0,143.0
Hot Spot,Action,4.7,234.0,101.0
One Mile: Chapter One,Action,5.7,3800.0,89.0
The Wrecking Crew,Action,6.4,54000.0,124.0
Master of the Universe,Action,2.8,1500.0,81.0
Rise of the Footsoldier: Retribution,Action,5.5,153.0,112.0
Greenland 2: Migration,Action,5.2,47000.0,98.0
Batwara 1947,Action,4.3,1800.0,160.0
Ghost in the Cell,Action,6.9,2100.0,106.0
Never Stop Chasing,Action,7.7,60.0,102.0
Legend of the White Dragon,Action,,,97.0
Dhurandhar: The Revenge,Action,8.2,71000.0,235.0
Mike & Nick & Nick & Alice,Action,6.2,26000.0,107.0
The Isolate Thief,Action,5.7,1000.0,95.0
Bear Country,Action,5.6,2700.0,111.0
The Weight,Action,7.3,226.0,115.0
Beast,Action,5.8,3900.0,114.0
Forgotten Island,Action,6.8,166.0,109.0
Stop! That! Train!,Action,5.8,3200.0,90.0
Seven Snipers,Action,4.4,3000.0,87.0
Jana Nayagan,Action,5.3,5800.0,183.0
Beast Race,Action,4.7,1200.0,124.0
Balls Up,Action,4.7,15000.0,104.0
Lenin,Action,6.2,1600.0,159.0
Batman: Knightfall - Part 1: Knightfall,Action,8.0,2500.0,78.0
Pretty Lethal,Action,5.8,16000.0,88.0
Man of War,Action,5.2,1300.0,111.0
Maa Inti Bangaram,Action,7.4,7300.0,154.0
7 Dogs,Action,5.6,4900.0,125.0
One Mile: Chapter Two,Action,5.0,2600.0,83.0
Blades of the Guardians,Action,6.8,3900.0,126.0
The Gentleman Thief,Action,3.5,550.0,97.0
Dial 1975,Action,5.2,67.0,
The Debt Collector,Action,5.6,1300.0,132.0
Blast,Action,7.3,17000.0,142.0
Shera,Action,6.4,138.0,145.0
The Bluff,Action,5.8,19000.0,103.0
Peddi,Action,5.2,9000.0,182.0
Gong fu nv zu,Action,5.7,815.0,106.0
Kraken,Action,5.0,5900.0,100.0
Alpha,Action,3.0,24000.0,141.0
Above and Below,Action,4.7,368.0,96.0
The Odyssey,Action,2.3,297.0,86.0
Rogue Trooper,Action,8.2,53.0,125.0
Rage of Stars,Action,4.1,518.0,98.0
Sniper: No Nation,Action,4.2,1200.0,95.0
Brothers Under Fire,Action,4.8,1800.0,101.0
Clash of the Thundermans,Action,8.9,55.0,
Kattalan,Action,7.0,2600.0,120.0
Brawl,Action,5.6,198.0,98.0
Killer Whale,Action,3.7,5700.0,89.0
Wings of Dread,Action,5.8,238.0,86.0
Water Park Shark,Action,3.5,436.0,91.0
Humint,Action,6.4,4000.0,119.0
Karuppu,Action,6.1,11000.0,150.0
Hanging by a Wire,Action,7.4,56.0,98.0
Nagabandham - The Secret Treasure,Action,6.7,5700.0,185.0
Border 2,Action,5.8,21000.0,200.0
Vampires of the Velvet Lounge,Action,4.2,428.0,105.0
The Last Temptation of Becky,Action,7.8,27.0,89.0
Raja Shivaji,Action,6.7,24000.0,195.0
Dacoit: A Love Story,Action,7.4,10000.0,149.0
O' Romeo,Action,5.2,24000.0,178.0
Oscar Shaw,Action,4.6,756.0,93.0
Husbands in Action,Action,6.2,2300.0,107.0
Revenge,Action,5.5,2100.0,103.0
Evel,Action,4.9,19.0,
Mexicali,Action,5.5,584.0,99.0
Detective Conan: Fallen Angel of the Highway,Action,6.2,454.0,109.0
The Internship,Action,4.1,1300.0,91.0
Zeta,Action,5.8,3900.0,133.0
The Ribbon Hero,Action,6.0,500.0,109.0
Anomie,Action,6.8,1500.0,135.0
D.I.S.C.O.,Action,6.5,4400.0,102.0
Kill Code,Action,4.0,3500.0,87.0
Ikkis,Action,6.1,27000.0,144.0
Shackled,Action,5.8,74.0,84.0
Rise of the Conqueror,Action,5.8,1900.0,119.0
Srinivasa Mangapuram,Action,3.8,141.0,150.0
Patriot,Action,6.2,2600.0,180.0
The Birthday Party,Action,6.0,93.0,114.0
Bad Day at the Office,Action,6.2,16.0,106.0
Per Aspera Ad Astra,Action,6.4,1300.0,111.0
Fury in the Shadows,Action,6.0,64.0,85.0
KILLHOUSE,Action,6.4,1100.0,120.0
Reckless,Action,5.2,1300.0,91.0
OIC Gadafi,Action,4.5,26.0,120.0
Nibba Nibbi,Action,8.1,1100.0,121.0
Baby Do Die Do,Action,6.4,953.0,125.0
Athiradi,Action,6.8,3100.0,157.0
Hell Grind,Action,4.0,73.0,95.0
Kara,Action,6.8,6100.0,159.0
Borderline,Action,3.5,328.0,95.0
KD: The Devil,Action,6.1,4000.0,140.0
Kartavya,Action,5.4,4000.0,108.0
Last Hit,Action,6.0,1100.0,79.0
Ananthan Kaadu,Action,7.3,80.0,157.0
Magudam,Action,5.3,647.0,183.0
Ip Man: Kung Fu Legend,Action,4.8,1400.0,94.0
Mardaani 3,Action,6.0,11000.0,129.0
Thudakkam,Action,6.1,312.0,140.0
Jackie the Stripper,Action,5.6,43.0,
KJQ,Action,9.2,1000.0,155.0
Kingdom 5,Action,7.6,70.0,
On the Hunt,Action,2.9,221.0,90.0
Viper,Action,6.7,59.0,87.0
Furious Attack,Action,6.2,71.0,77.0
Tu Yaa Main,Action,6.1,7400.0,143.0
Hunting Party,Action,6.8,73.0,92.0
Puella Magi Madoka Magica the Movie -Walpurgisnacht Rising-,Action,,,120.0
En nasjon i sjakk,Action,,,
Paradise,Action,6.5,13.0,
Burû Rokku,Action,7.7,75.0,128.0
Fight Against Evil 3,Action,6.8,294.0,100.0
Karavali,Action,7.9,309.0,126.0
The Raja Saab,Action,3.1,12000.0,190.0
Parasakthi,Action,6.5,8400.0,161.0
Subedaar,Action,6.0,14000.0,145.0
Cold War 1994,Action,6.4,701.0,117.0
The Furious,Action,5.2,144.0,106.0
They Fight,Action,4.6,221.0,98.0
Frostbite,Action,,,82.0
Land of Wolves,Action,3.4,197.0,
Special Op: Rent-a-Cop,Action,4.7,40.0,84.0
Shark Frenzy,Action,5.5,35.0,82.0
Storm Rider: Legend of Hammerhead,Action,5.7,5200.0,105.0
My Dearest Assassin,Action,5.7,1500.0,127.0
Razor,Action,4.3,151.0,130.0
Mobile Suit Gundam Hathaway: The Sorcery of Nymph Circe,Action,7.0,427.0,108.0
Pallichattambi,Action,5.9,4700.0,150.0
Varavu,Action,5.4,1100.0,143.0
Mana ShankaraVaraprasad Garu,Action,5.7,3100.0,156.0
Ustaad Bhagat Singh,Action,4.1,2400.0,150.0
Bring the Law,Action,3.9,245.0,95.0
Operation Taco Gary's,Action,5.4,887.0,88.0
Hellfire,Action,4.7,2100.0,95.0
Balandrau: Where the Fierce Wind Blew,Action,6.6,567.0,119.0
Tarung: Unforgiven,Action,7.1,126.0,100.0
Zhi ming chao xi,Action,5.1,35.0,69.0
The Dreamed Adventure,Action,6.3,154.0,167.0
Khali Balak Min Nafsak,Action,5.7,143.0,105.0
Dire Duplicity,Action,7.0,37.0,93.0
Chatha Pacha,Action,6.3,4900.0,134.0
Panda Plan 2: The Magical Tribe,Action,4.4,609.0,100.0
Alien Disclosure Day,Action,4.6,43.0,84.0
State of Fear,Action,4.9,765.0,103.0
Velhos Bandidos,Action,5.9,834.0,93.0
Winter: Battleground,Action,2.4,186.0,83.0
Saqr W Kanaria,Action,6.3,311.0,125.0
Spades,Action,5.1,80.0,115.0
Gintama: Yoshiwara in Flames,Action,8.7,378.0,124.0
Jetlee,Action,5.4,495.0,135.0
The House on Haunted Grounds,Action,3.6,380.0,69.0
Chelot,Action,5.9,9.0,125.0
Last Call,Action,7.3,711.0,
Dance of the Damned,Action,7.0,96.0,101.0
Lone Star Bull,Action,5.4,20.0,90.0
Authentic Games: No Império Desconectado,Action,5.0,140.0,70.0
Jurassic Shark 4: Metal Machine Mako,Action,7.3,18.0,71.0
Downbeat,Action,8.5,20.0,91.0
Don't Forget Me,Action,4.7,512.0,70.0
Hands,Action,4.4,538.0,89.0
The Cursed Warrior,Action,5.6,16.0,123.0
Obsess,Action,6.8,654.0,138.0
Crypto,Action,,,90.0
Bichos Raros 2,Action,,,50.0
Get Set Go,Action,8.1,315.0,148.0
Starbright,Action,3.7,539.0,148.0
Pahalgam Love Story,Action,7.8,530.0,
The Red Bag,Action,8.6,629.0,
The Odyssey,Action,4.8,35.0,92.0
Immortal Combat,Action,2.2,403.0,88.0
Ultimate Revenge,Action,6.1,150.0,112.0
The Sheriff,Action,4.2,176.0,107.0
Biker,Action,6.3,1100.0,160.0
Infiltrate,Action,3.9,398.0,93.0
Thalaivar Thambi Thalaimayil,Action,6.9,3300.0,113.0
The Dresden Sun,Action,2.9,484.0,129.0
Police Complaint,Action,6.2,1100.0,156.0
Aadu 3,Action,6.2,2000.0,168.0
Operation Sindoor First Strike,Action,,,
"Soumsoum, la nuit des astres",Action,6.3,79.0,101.0
G.O.A.T,Action,5.5,18.0,152.0
Golden Kamuy: The Abashiri Prison Raid,Action,6.2,411.0,122.0
Rio de Sangue,Action,6.1,254.0,106.0
Sakamoto Days,Action,7.5,61.0,128.0
Trace Project,Action,1.0,236.0,65.0
Geostorm,Action,8.2,8.0,88.0
Who,Action,4.3,247.0,130.0
Malaikat Malam,Action,4.8,157.0,111.0
Mikael: Pemburu Dua Alam,Action,5.2,132.0,120.0
"I, Nobody",Action,6.0,700.0,168.0
Kraken:The Black Book of Hours,Action,5.8,185.0,111.0
Achilles Returns,Action,5.2,1600.0,50.0
Derby,Action,3.5,1500.0,135.0
Happy Patel: Khatarnak Jasoos,Action,4.6,2600.0,119.0
Leader,Action,7.6,7200.0,136.0
Mr. X,Action,6.0,1400.0,146.0
Ice Twister,Action,5.7,29.0,79.0
Transfer Trimurthulu,Action,6.4,108.0,153.0
Okay! Madam 2,Action,5.4,14.0,108.0
The Last Apocalypse,Action,2.7,92.0,78.0
Prince: Once Upon a Time in Dhaka,Action,3.4,662.0,149.0
Detective Chen 2,Action,5.7,36.0,90.0
Zombeid,Action,6.5,256.0,107.0
Gayong 2,Action,7.0,81.0,82.0
Blackout,Action,4.0,632.0,82.0
Prank Night,Action,4.7,140.0,95.0
Asad,Action,7.4,1100.0,120.0
Wasteland Cop,Action,3.0,6.0,80.0
The Rise of Ashoka,Action,5.6,68.0,133.0
The Butcher's Blade,Action,5.8,254.0,90.0
Rakkhosh,Action,4.6,664.0,142.0
Agito Chônôryoku Sensô,Action,6.4,33.0,97.0
Yogi Da,Action,4.5,579.0,119.0
Saptadingar Guptodhon,Action,6.3,333.0,135.0
Detective Teekshana,Action,9.2,505.0,121.0
The Sin Trade,Action,6.1,87.0,98.0
Vaa Vaathiyaar,Action,4.4,1300.0,129.0
2DIE4,Action,6.9,199.0,61.0
Tera Yaar Hoon Main,Action,3.5,43.0,146.0
O Shaolin do Sertão 2,Action,7.0,10.0,
Vigilante,Action,7.4,134.0,96.0
Shark Thrash,Action,5.6,228.0,84.0
Alpha: Men Love Vengeance,Action,7.5,384.0,144.0
Graamaayana,Action,7.4,45.0,126.0
Bullah,Action,7.0,96.0,150.0
Ice-Pocalypse,Action,2.5,196.0,85.0
Karathey Babu,Action,,,
Deadman's Land,Action,8.6,15.0,90.0
Mañana me caso,Action,,,
Redline Fury,Action,9.0,810.0,80.0
Takeover,Action,6.9,23.0,89.0
Depths of Fear,Action,8.6,85.0,75.0
Day Off 2,Action,4.3,10.0,82.0
Fire Tornado,Action,7.1,32.0,83.0
Wicked of Oz,Action,4.4,44.0,78.0
Bloody Sands,Action,,,94.0
He Bled Neon,Action,5.9,23.0,85.0
Aftermath,Action,2.6,6.0,80.0
Bhogi,Action,,,
The King of Cannabis,Action,,,130.0
Kemet: Year One,Action,6.2,11.0,100.0
Hot Water,Action,7.2,72.0,97.0
Landlord,Action,4.4,6000.0,156.0
Balaramana Dinagalu,Action,7.3,17.0,151.0
Killer Curve,Action,6.3,36.0,
Shocktopus,Action,3.7,98.0,71.0
Jockey,Action,7.8,15000.0,147.0
The Peril at Pincer Point,Action,7.8,42.0,83.0
Her Sey Yolunda,Action,4.0,99.0,96.0
Superman: Legacy,Action,6.3,15.0,
Double Kill,Action,8.4,304.0,85.0
Mulan: Light a Fire,Action,4.3,45.0,88.0
Kung Fu,Action,5.7,188.0,127.0
A Malevolent World,Action,,,70.0
The Raid,Action,4.5,16.0,74.0
Judge Michael: Rise of the Law,Action,8.1,119.0,65.0
Star Trek: Legacies,Action,,,164.0
Black Holes Suck,Action,4.6,75.0,91.0
Pasakalye,Action,4.3,12.0,93.0
Tiket Sehala,Action,6.4,18.0,103.0
Speed Faster,Action,4.2,1300.0,86.0
Malik,Action,5.7,56.0,129.0
Vijaynagar'er Hirey,Action,6.5,117.0,110.0
Unstoppable,Action,6.6,45.0,80.0
Phoenix Jones: The Rise and Fall of a Real Life Superhero,Action,7.8,14.0,105.0
Ultimate Spider-Man: Origins,Action,6.0,12.0,154.0
Bodyman,Action,,,
Boatlift 9/11,Action,,,
Jolly,Action,9.4,105.0,119.0
Mega Tsunami: The California Collapse,Action,,,61.0
Romin,Action,,,96.0
Look Behind,Action,8.1,19.0,107.0
Operation Black-Ops,Action,,,108.0
The Town That Takes,Action,5.6,27.0,93.0
Manithan Deivamagalam,Action,5.2,399.0,125.0
Prey of Wrath,Action,4.4,58.0,79.0
Father: The Judgement Is inconclusive,Action,8.2,173.0,116.0
Rakky,Action,9.3,413.0,122.0
Kill Will,Action,3.9,102.0,93.0
Married Alive,Action,,,87.0
Rogue,Action,8.7,33.0,86.0
The Kids,Action,4.9,34.0,49.0
King of Dope,Action,4.9,267.0,117.0
Ultimate Vampire Assassin,Action,7.6,26.0,100.0
Busted Water Pipes,Action,5.3,193.0,103.0
Penghu Hai Zhan,Action,,,
Hard Redemption,Action,7.2,12.0,89.0
Jurassic Rampage,Action,,,
Anakapalli,Action,,,154.0
Shiboyugi: Playing Death Games to Put Food on the Table 44: Cloudy Beach,Action,7.4,98.0,89.0
Ho Linh Trang Si: Bi an Mo Vua Dinh,Action,5.3,7.0,155.0
The Hunting Club,Action,4.7,13.0,
Lazarus: The Awakening,Action,3.7,218.0,87.0
Addicted to Change,Action,5.2,52.0,86.0
Mission C1000,Action,9.3,5800.0,128.0
Ram Naam Satya,Action,8.9,9.0,155.0
Carnival Tales,Action,4.1,13.0,99.0
Harrd Disk,Action,5.4,6.0,85.0
Mango Pachcha,Action,8.5,39.0,95.0
Khancha,Action,8.4,173.0,116.0
Friday & Friday,Action,6.9,20.0,120.0
Last Save Point,Action,3.6,61.0,81.0
Vasudheva Sutham,Action,,,146.0
Policë për jetë,Action,7.2,25.0,85.0
Prey,Action,,,
Bad Boy Karthik,Action,3.3,1400.0,142.0
Bloody Kevin,Action,9.1,635.0,109.0
The Awakening,Action,6.3,11.0,96.0
Conspiracy,Action,5.1,20.0,123.0
Bride for the Quarterback,Action,8.2,320.0,
Girl Judge,Action,,,90.0
Fist to Fist,Action,5.7,64.0,90.0
The Last Guest: Reimagined - The Origin,Action,8.5,53.0,87.0
Jailbroken,Action,7.9,33.0,87.0
Vadam,Action,4.7,1400.0,136.0
I Swallowed My Ex's Mafia Daddy Whole,Action,4.9,10.0,86.0
Amityville Rex,Action,3.0,61.0,69.0
Mavuta,Action,,,139.0
Angels of War,Action,5.1,125.0,110.0
Pay to Die,Action,,,
Star,Action,4.4,112.0,92.0
Diamond Made Man,Action,6.5,38.0,152.0
The Goodman,Action,8.1,9.0,84.0
Death Merchant: City of Insurrection,Action,7.2,8.0,102.0
The 51st Hunger Games,Action,,,57.0
The Ghost and the Gun,Action,,,110.0
Our Father,Action,8.7,7.0,100.0
Super Mario Bros. Origins,Action,7.2,15.0,117.0
Ninja Wars: Blackfox Vs Shogun's Ninja,Action,8.1,13.0,
Crossing,Action,4.5,83.0,122.0
Cleopatra Queen of Egypt,Action,,,90.0
On Drive,Action,6.5,202.0,115.0
Short Fuse,Action,8.9,63.0,100.0
God Skin,Action,7.2,19.0,
Ah Beng vs Liang Po Po,Action,6.0,83.0,125.0
Infernal,Action,,,134.0
Eiga Kamen Raidâ Zettsu Sayonara no Misshon,Action,9.4,5.0,
Stealing Magic,Action,9.1,9.0,88.0
Shamshon W Dalila,Action,3.1,72.0,95.0
Vanaveera,Action,6.7,1600.0,127.0
Dark Highway,Action,7.4,10.0,91.0
The Shepherd Code: Lapierre,Action,6.3,23.0,89.0
Nabchi 48-sigan,Action,,,90.0
O Block: The Movie (full movie),Action,7.4,138.0,83.0
The Specials,Action,6.1,44.0,110.0
Hora y veinte,Action,,,80.0
Glass Dragon,Action,,,
Lady Champagne,Action,7.5,25.0,99.0
The Galactic Ghoul,Action,8.0,12.0,85.0
Tai,Action,5.8,44.0,101.0
The Last Secret of the First Emperor,Action,,,151.0
Mischief Upon Mischief,Action,6.5,22.0,123.0
The President Must Die: Time Zero,Action,,,
World War Bigfoot,Action,6.3,8.0,72.0
Blood Roses,Action,8.4,1200.0,149.0
Luntik. Obratinaya Storona Luni,Action,,,80.0
Nemuri Kyoshiro,Action,7.1,8.0,90.0
Annihilator Unleashed,Action,3.9,2200.0,119.0
Savage,Action,,,
Dhurandhar No1,Action,4.8,11.0,
Attack of the Kraken,Action,4.5,16.0,
Bihu attack,Action,6.7,49.0,116.0
Suspect,Action,8.3,222.0,92.0
Khan Tumhara,Action,,,135.0
Oiii Police,Action,,,
Si wang du ju,Action,6.3,36.0,100.0
The Creek,Action,8.6,13.0,
Monkey King - Rebirth,Action,7.7,20.0,93.0
Let Them Come,Action,8.9,73.0,
Sherr,Action,9.2,2000.0,130.0
Sword Art Online Unanswered//butterfly,Action,7.1,23.0,110.0
New Worlds: Machine Uprising,Action,6.4,11.0,83.0
Secret of the Forest,Action,4.9,16.0,
Onyx: Nexus,Action,,,75.0
Resurrection: A Biohazard Story,Action,7.5,98.0,74.0
Terror,Action,8.5,1000.0,143.0
Tras los pasos de la rubia platino,Action,6.1,11.0,122.0
The Trap,Action,,,5.0
Sooriya Sulanga,Action,7.1,13.0,
Me Robo Al Patron Y El Negocio Tambien,Action,9.1,19.0,86.0
Faad,Action,,,
Red White and Black,Action,,,121.0
Red Days 2: Cecilia,Action,6.4,14.0,110.0
The Rendezvous: Vendetta,Action,,,
Swords of Legends: Soul and Blade,Action,6.2,74.0,89.0
Back in the Game,Action,,,81.0
Suri Anna,Action,7.1,143.0,136.0
I Want More,Action,5.3,101.0,114.0
Visa,Action,5.6,12.0,90.0
Baaaz in State,Action,,,169.0
The King of My Love,Action,4.4,184.0,111.0
Luv Di Saun,Action,2.3,44.0,144.0
Owl Hunt Storm,Action,4.0,17.0,87.0
Written in Blood,Action,7.4,25.0,94.0
The Sin City,Action,5.3,33.0,108.0
Anecdote of Mountains,Action,6.7,62.0,73.0
The Return of Arinzo,Action,,,135.0
Khakee(Khaki),Action,9.1,419.0,177.0
Harudu,Action,8.4,1300.0,130.0
Wrong One,Action,,,
Juvenile Inspector,Action,,,
Malysh-karatist,Action,3.6,63.0,101.0
No.1 Sentai Gozyuger vs. Boonboomger,Action,7.7,23.0,64.0
Blade Warrior of Blade Action,Action,6.7,58.0,91.0
The Photo That Changed Everything,Action,5.8,40.0,
Red Bird,Action,5.2,8.0,100.0
Wo shi wo di,Action,5.5,19.0,93.0
Need for Speed: Day of Final Reckoning,Action,,,93.0
Raktha Kashmira,Action,5.6,21.0,165.0
Blood & Ice,Action,7.9,8.0,
G.O.D.Tech,Action,,,105.0
Zaverbovannyy,Action,2.9,104.0,86.0
JC the University,Action,6.7,34.0,162.0
Rodeo Dreams,Action,,,90.0
The Sanctum 3: Afterlife,Action,,,158.0
Echo Point,Action,,,62.0
Nilakanta,Action,2.5,3800.0,154.0
Wanted,Action,5.4,8.0,79.0
Korpur,Action,6.0,2200.0,145.0
D*cks,Action,3.0,47.0,
Price of the Game,Action,8.5,13.0,67.0
Margarita La De Tijuana,Action,,,99.0
Yugantar - The End of Time,Action,,,160.0
Submarine of the Deep,Action,2.8,8.0,
Human Cocaine,Action,5.7,30.0,107.0
Kendada Seragu,Action,7.1,133.0,118.0
Therachaapa,Action,7.3,1100.0,151.0
Devagudi,Action,1.8,2100.0,152.0
Guardian,Action,3.6,26.0,
Cold Feet,Action,,,
The Man with a Hat,Action,7.7,13.0,125.0
The Pet II,Action,,,
Delhi Gate,Action,6.4,6.0,137.0
Space Mutation,Action,2.8,13.0,90.0
Remanence,Action,,,
Guantanamera,Action,4.1,68.0,112.0
Undir Ísnum,Action,5.5,53.0,
Triesverse: Cataclysm,Action,,,
The Keris,Action,3.7,18.0,132.0
Bullet Proof Soul AI Movie,Action,,,90.0
Ragu Ram,Action,,,109.0
Gli imprevisti 2,Action,,,
Vengeance,Action,,,
Deadly Killer,Action,2.4,335.0,148.0
Golden Blood,Action,,,
Made Man,Action,,,54.0
The Hostage's Hero,Action,6.0,9.0,89.0
The Amazing Spider-Fuser,Action,,,
Detective Dee: Buddha's Wrath,Action,,,71.0
The Lock In,Action,,,
Jangan Seperti Bapak,Action,7.2,13.0,100.0
Gangster's Daughter 5,Action,,,70.0
The Good Assassin,Action,9.4,5.0,
Harry Potter and the Sorcerer's Stone in Shared Reality,Action,,,
The Pale Snow and Kirin,Action,7.2,56.0,74.0
Slash III,Action,8.0,10.0,113.0
Tapped,Action,6.9,18.0,
Daiva,Action,9.4,15.0,
Pinik,Action,6.9,8.0,141.0
Sandigdham,Action,8.5,1100.0,97.0
The Last Admission,Action,,,78.0
Jagannath,Action,,,140.0
History: The Life of David Trujillo,Action,,,
100 Days Love Story,Action,6.6,2200.0,119.0
Marcus James: The Movie 2,Action,7.9,20.0,
Neon Dream,Action,,,71.0
Shell V-Power Games - Budapest,Action,9.0,30.0,240.0
The Legend of Udham Singh,Action,5.8,1000.0,
Krasnyy prizrak 1812,Action,,,99.0
Love Love: Fractures,Action,8.7,8.0,
The Apocalypse,Action,,,
Friendly Viacom and Friends: The Movie,Action,,,86.0
High Voltage Rakshak,Action,,,109.0
Yagoat,Action,7.8,8.0,83.0
Ghermeze Yavash,Action,1.8,37.0,91.0
I'm Not Gangster,Action,5.7,41.0,96.0
Eiga Chô Uchû Keiji Gyaban Infiniti Taiyô ga Naita Hi,Action,,,30.0
Micidiale,Action,,,71.0
Sud Shakarambh,Action,,,115.0
Baltimore Siege,Action,,,138.0
The Final Battle,Action,5.1,10.0,88.0
Tosnos,Action,3.6,5.0,151.0
Ace Female Bodyguard,Action,,,77.0
Varugai Pathivedu,Action,7.1,7.0,123.0
Pariwartan,Action,,,
Oracle of the Dragon,Action,,,87.0
The Wife They Built,Action,,,
Operation Padma,Action,8.3,1200.0,148.0
Paradox - India's First Time-Inversion Film,Action,,,66.0
Caja Rapida,Action,8.7,60.0,
Gringa Bitch,Action,,,71.0
Hyped UP Bunnies,Action,,,61.0
ATHOS Au coeur de la Patrouille de France,Action,7.3,45.0,86.0
Officer,Action,,,
Killeidoscope,Action,,,126.0
Simhapuriya Simha,Action,7.0,482.0,136.0
Onsen Shark 2: Kyushu Daikessen,Action,,,88.0
Brave Skies,Action,,,90.0
Spasti bessmertnogo,Action,8.2,161.0,105.0
Last Night in Sorrento,Action,,,
The Book Movie,Action,,,
Demon Dancer: Sua/Nara,Action,6.3,100.0,82.0
Serious Crime Innocence,Action,,,97.0
Shank,Action,,,105.0
Trouble Shooter,Action,,,89.0
El Ultimo Encargo de Julián Rojas,Action,,,
Chien Nam: Ve Sau Thoat Xac,Action,,,90.0
Vajra,Action,,,
Love Sick Rebourne,Action,,,65.0
Baba,Action,,,
Big Dog,Action,,,122.0
Sugriva,Action,8.9,1000.0,96.0
Sweet Rogue Killer 'SRK': The Killer's Game,Action,8.0,5.0,
Diamond Dacoit,Action,8.9,1500.0,
Sherr,Action,,,130.0
Mruthyudevate,Action,,,150.0
Maddane,Action,8.1,1000.0,142.0
El interrogante,Action,,,91.0
The Match-Stick Flame 3: Red Mafia,Action,4.0,15.0,69.0
Toro Encartado,Action,,,90.0
Death Border,Action,,,80.0
Class reunion,Action,8.4,13.0,
Unbeatable: Road to Tokyo,Action,,,
The Third Rail,Action,,,
Eliminate Criminals,Action,,,90.0
Sayap Garuda,Action,,,
Davi Fortão - O herói,Action,,,
Ron,Action,,,130.0
Hero in the Hidden City,Action,,,92.0
Felai FX - Trader Gelap: Apa Mau Takut,Action,,,88.0
Korat Fight: The Dream,Action,,,
El Dia De Los Muertos Angeles Caidos,Action,,,80.0
Grief 97% 75%+ X27 Stream 364,Action,7.8,10.0,
In the Name of the Father,Action,,,85.0
Sender,Action,,,70.0
SkullFace: Afterlife,Action,,,32.0
Escalofrío,Action,,,106.0
Xuan ji wei zhi zhen guo shen ding,Action,,,72.0
Kaiju Tengoku,Action,,,
Grey Wolf,Action,,,59.0
The Young Tank Commander,Action,,,70.0
The Object Movie,Action,,,94.0
Les Contes De Floresia,Action,,,
The Taken: Chapter One - The Arrival,Action,,,62.0
Reel Too Real,Action,,,97.0
Mark my Words,Action,,,
Kumbh,Action,,,
The Border Baby,Action,,,96.0
Cage Rage,Action,,,
Blood Mandate,Action,,,62.0
Ransom the Twist of Deception,Action,,,46.0
Bai Fa Mo Nv zhuan: Xue Feng Huang,Action,7.2,52.0,72.0
A Storm of Syndicates,Action,,,
Run,Action,,,95.0
Rayudu Gari Thaluka,Action,8.5,1600.0,151.0
Fist of Fury: The Winds of Jingwu,Action,,,80.0
Peer Pressure,Action,,,
The Milkman: Director's Cut,Action,,,
Wa Make: De Film,Action,5.9,18.0,
B.M.Ts Plan B 2,Action,,,67.0
Ichata Love Ammabadunu Konabadunu,Action,8.8,1000.0,149.0
Nangong Cheng,Action,7.2,10.0,197.0
The Jiddy Movie,Action,,,
The Great Money Robbery,Action,,,97.0
Until the Very Last Page,Action,,,100.0
Multiverso,Action,,,
Disgusting Man,Action,7.0,11.0,96.0
Proteccion Letal,Action,,,
The End of The World: 2029,Action,,,
Night Haul: Nocturnal Nemesis - Part 2,Action,,,82.0
Hood Romantic,Action,,,80.0
Karadu the Truth Is Unmasking,Action,,,
Ìrètè: The Reckoning,Action,,,
No way to Escape,Action,,,70.0
The Last Guest: Reimagined,Action,9.4,6.0,
Days of future: Minecraft,Action,,,92.0
Him or me,Action,,,
El Indio y El Hacendado,Action,,,74.0
The Plushie Drones Movie,Action,,,51.0
100,Action,,,68.0
Mitha zehar,Action,,,118.0
Lobo-Versus,Action,,,
The Last Zawgyi,Action,,,45.0
36 Ko Aakada,Action,,,
The Come Up 2,Action,,,75.0
Brookhaven RP: New Heroes,Action,,,
King Kosoko: The Battle for Lagos,Action,,,131.0
The fFnal Current,Action,,,
The Dual Heroes Strike,Action,,,87.0
Roblox Lava Movie,Action,,,61.0
Agnibaan,Action,5.4,21.0,170.0
Salam Sainika,Action,,,120.0
The End,Action,,,
Wolf Hunters 2,Action,,,87.0
Chandrappann,Action,,,146.0
The Return of the Army Man,Action,,,148.0
Joshua Mike Well,Action,,,60.0
The Yellow Knight,Action,,,72.0
The Last Eyewitness,Action,,,80.0
The Twist,Action,6.8,7.0,
The 6th Planet,Action,,,80.0
Joshua Day Long,Action,,,62.0
öteki Yüz Kilis,Action,,,
Cinematic Carnage: The Movie,Action,,,486.0
Taking What's Mine,Action,,,65.0
Sacrum Vindictae III,Action,,,
Crystal Prison,Action,,,60.0
A Day Without Mike Sea,Action,,,61.0
A Woman of Steel,Action,,,
Joshua Hell Well,Action,,,62.0
Bhutacha Doraemon 2,Action,,,
Bo Gia Tro Lai: Khong Khoan Nhuong,Action,,,95.0
Joshua Forever Time,Action,,,62.0
A Mike Joshua Plays,Action,,,60.0
Lo Que Puede Ser Mañana: La Invasión,Action,,,82.0
Poyla Baishakh,Action,,,159.0
Ain't One of Them,Action,,,
A Land Apart,Action,,,
Six Days to Pay,Action,,,84.0
Retrospection,Action,,,84.0
Chase,Action,,,92.0
Crystal City: The Last Cut,Action,,,45.0
Brave Without Boundaries,Action,,,102.0
The Goofings Movie,Action,,,60.0
Vahem,Action,,,
Jake Muller Adventures: Engineered,Action,,,117.0
The Termarator,Action,,,
Untitled Varalaxmi Sarathkumar/Sanjeev Megoti Project,Action,,,
Boyz N the Woodz,Action,,,
Bhuchal-Bhandar,Action,,,
The Great Patriot,Action,,,109.0
Más Vale Tarde,Action,,,106.0
Psycho Daddy,Action,9.0,14.0,77.0
Karanlik Sokaklar,Action,7.4,9.0,
War of the Masked Animals,Action,,,172.0
Hard Piecez,Action,,,
A Knife of the Weapon Gleams with Blood,Action,,,95.0
Seylum,Action,,,125.0
JONDI Le Film (Part One),Action,,,119.0
Destiny's Race,Action,,,85.0
Thai Fighters,Action,,,
Arhat Rock of War,Action,,,98.0
Agni Jaya,Action,,,120.0
The New Dawn,Action,,,69.0
Moh-Maya the Debt of Love,Action,,,104.0
Continental: The Man from Nowhere,Action,,,
Hunt A Film by Sova Black,Action,,,61.0
Charlie Med,Action,,,
Bloody Hu Long Tou,Action,,,84.0
The 1PunchDanMovie,Action,,,80.0
Révolutionnaire,Action,,,115.0
ClayFighter,Action,,,98.0
Szivacs: Folytatás,Action,,,94.0
DMX Grandad: The Reckoning,Action,8.9,12.0,246.0
Anschlag aus dem Schwitzerreich,Action,8.5,6.0,118.0
Queens of Dope City,Action,,,72.0
Dan the Man,Action,,,52.0
Joshua Mike Forever,Action,,,62.0
A Film by Cool Jake,Action,,,80.0
The Looker,Action,,,
Dabesh,Action,8.1,10.0,
Matuna Mutton Sikina Chiken,Action,5.9,11.0,
Brookhaven RP: Battle Beyond,Action,,,
El Negro Valencia,Action,,,61.0
The SuperMarioJaws Show: The Last Act!,Action,,,50.0
Shuang Xiong Chu Ji,Action,,,88.0
The Robertsons,Action,,,61.0
El Perron De Jalisco El Narco de Narcos,Action,,,69.0
The Battle of Hong Shi,Action,,,
Give Me Back My Bicycle!,Action,,,82.0
El Centinela Oscuro,Action,,,61.0
Blind Tiez,Action,,,
El Cobro de Piso El Comandante Asesino,Action,,,64.0
Hoop Realities 2.0,Action,,,110.0
Wahem,Action,,,
Red Cloud: New Day,Action,,,81.0
The Legend of Lingjing,Action,,,81.0
Wake Up Call,Action,8.6,23.0,
Heavens'Bell,Action,,,106.0
Green Man 5,Action,,,
Juan el Ajeno,Action,,,
The Snow Warrior,Action,,,
FURY: Revenge Isn't a Choice It's a Legacy,Action,,,
The Adventures of Gabriel and Marcy,Action,,,85.0
The Man from Oghuz: Harvest,Action,,,55.0
Roblox Joshua Movie Part 1,Action,,,59.0
Drutharastrudu,Action,,,109.0
Operation Demon Hunt,Action,,,99.0
Super parrs 3,Action,,,98.0
RiffTrax: Beyond the Ring,Action,,,68.0
Pommalaattam,Action,,,140.0
Putin Strikes Back 2,Action,,,67.0
Radhe Kahani,Action,,,
Phuket Dangerous 2026,Action,7.5,6.0,105.0
Thin Line,Action,,,
Drug Dealer,Action,,,33.0
Drug Hunt Mission,Action,,,97.0
Chill Macha,Action,,,103.0
La Cabrona,Action,,,56.0
Blessed or Cursed,Action,,,
Joshua to Arizona,Action,,,
Whiskers on Strings,Action,,,
La Lengua Suelta,Action,,,44.0
Caleb 'The Grizzly Bear' Rogers Documentary,Action,,,
Ultra and the Last Laugh - A FNaF Plush Beyond Movie,Action,,,48.0
No Man's City,Action,,,95.0
Roblox Britannic Movie,Action,,,62.0
The Cerebral: Origens,Action,,,
Against All Odds,Action,,,
O Inserido,Action,,,61.0
"Ferria 2, Una paz poco duradera",Action,,,160.0
"Oeil pour oeil, dent pour dent",Action,,,90.0
Dandelions,Action,,,
Against all odds,Action,,,
Zero Wins,Action,,,63.0
Ram,Action,,,
Di Renjie: Bloodstained Coffin,Action,,,83.0
Jaanleva Ishq,Action,,,120.0
ZOE - Il segreto degli onori,Action,,,
Crime Detectives: The Feature Film,Action,,,
Roblox Thrill Island Theme Park Movie,Action,,,59.0
Karate Curtis 3: The New Millennium,Action,,,
Indo: The First Piece,Action,7.5,9.0,169.0
The Wanted Rebel,Action,,,125.0
Sonic Dimensions/Sonic Rangers 3,Action,,,124.0
Rubicon Crossed,Action,,,50.0
Ghost in Plain sight,Action,,,
Roblox Sinking Ship Movie,Action,,,63.0
Joshua Ride School Bus PT1,Action,,,
"Sometime the Wolf, or, the Meanness of the Blue at Dawn",Action,,,
Confined,Action,,,
LilDogg Adventures,Action,,,60.0
Asesinos,Action,,,90.0
Legends of the Realm - Dawn of Ash and Ruin,Action,,,
Traverse2: Next Level-,Action,,,80.0
A Mike Forever,Action,,,65.0
Nick Eh 30: The Movie 3,Action,,,169.0
Lucky Hunter,Action,,,47.0
Kamen Rider Super King's Knight Legend Movie Third,Action,,,
Bad Shuffle,Action,,,
Pada'ng Kulas,Action,,,90.0
Jeevan Hai Daldal,Action,,,120.0
Trans-Plast-Otany,Action,,,
Revenge,Action,,,80.0
Stone Elegy,Action,,,15.0
Bad Market,Action,,,
The Slide,Action,,,
United Nations,Action,,,
The Hunt Down 2,Action,,,124.0
Tempus,Action,,,96.0
Pergunte ao Huggy Wuggy 2,Action,,,
No Such Thing As Loyalty 5,Action,,,
